{
  "model": "logreg_6h",
  "time_col": "AR",
  "step_sec": 15,
  "alpha": 0.5,
  "cooldown_min": 30,
  "feature_names": [
    "r_now",
    "mean_1h",
    "max_1h",
    "std_1h",
    "slope_30m_h"
  ],
  "coef": [
    18.870954844348496,
    2.9247485598142426,
    4.143310041220748,
    0.8808079223412122,
    34.325471714594514
  ],
  "bias": -4.484224630806972,
  "metrics": {
    "split": "time-split i2=31946 (n=40319)",
    "auroc": 0.9893693263258481,
    "auprc": 0.011111111111111112,
    "pos_rate": 0.2761477219177063
  }
}